Country Name,Date,Total Population,Mobile subscribers,Health:mortality under-5,Internet users per 100 people,GDP per capita,Mobile subscribers per capita,log(GDP per capita),log(Health:mortality under-5),Region
"Congo, Dem. Rep.",7/1/2000,49626200,15000,181,0,87,0.000302,4.465908,5.198497,Africa
Ethiopia,7/1/2000,65577897,17757,141,0,125,0.000271,4.828314,4.948760,Africa
Burundi,7/1/2000,6374347,16320,164,0,131,0.002560,4.875197,5.099866,Africa
Sierra Leone,7/1/2000,4143115,11940,233,0,153,0.002882,5.030438,5.451038,Africa
Malawi,7/1/2000,11228756,49000,167,0,155,0.004364,5.043425,5.117994,Africa
Niger,7/1/2000,10922421,2056,218,0,165,0.000188,5.105945,5.384495,Africa
Chad,7/1/2000,8222327,5500,190,0,168,0.000669,5.123964,5.247024,Africa
Eritrea,7/1/2000,3667576,0,93,0,173,0.0,5.153292,4.532599,Africa
Guinea-Bissau,7/1/2000,1240655,0,177,0,174,0.0,5.159055,5.176150,Africa
Liberia,7/1/2000,2847290,1500,169,0,186,0.000527,5.225747,5.129899,Africa
Burkina Faso,7/1/2000,12294012,25245,191,0,212,0.002053,5.356586,5.252273,Africa
Mali,7/1/2000,11295324,10398,213,0,214,0.000921,5.365976,5.361292,Africa
Rwanda,7/1/2000,8098344,39000,177,0,214,0.004816,5.365976,5.176150,Africa
Mozambique,7/1/2000,18200656,51065,177,0,233,0.002806,5.451038,5.176150,Africa
Madagascar,7/1/2000,15364272,63094,102,0,252,0.004107,5.529429,4.624973,Africa
Uganda,7/1/2000,24213120,126913,144,0,256,0.005241,5.545177,4.969813,Africa
Central African Republic,7/1/2000,3701607,4967,176,0,259,0.001342,5.556828,5.170484,Africa
Ghana,7/1/2000,19165490,130045,99,0,260,0.006785,5.560682,4.595120,Africa
Togo,7/1/2000,4793504,50000,124,2,270,0.010431,5.598422,4.820282,Africa
Tanzania,7/1/2000,34038161,110518,130,0,308,0.003247,5.730100,4.867534,Africa
Zambia,7/1/2000,10201562,98853,157,0,317,0.009690,5.758902,5.056246,Africa
Benin,7/1/2000,6517810,55476,143,0,346,0.008511,5.846439,4.962845,Africa
Comoros,7/1/2000,562469,0,104,0,359,0.0,5.883322,4.644391,Africa
Sudan,7/1/2000,27556383,23000,114,0,362,0.000835,5.891644,4.736198,Africa
Nigeria,7/1/2000,123688536,30000,186,0,372,0.000243,5.918894,5.225747,Africa
Guinea,7/1/2000,8344486,42112,175,0,373,0.005047,5.921578,5.164786,Africa
Lesotho,7/1/2000,1963878,21600,127,0,380,0.010999,5.940171,4.844187,Africa
Kenya,7/1/2000,31253701,127404,111,0,406,0.004076,6.006353,4.709530,Africa
Mauritania,7/1/2000,2642743,15300,116,0,490,0.005789,6.194405,4.753590,Africa
Senegal,7/1/2000,9505862,250251,119,0,494,0.026326,6.202536,4.779123,Africa
Zimbabwe,7/1/2000,12509477,266441,115,0,535,0.021299,6.282267,4.744932,Africa
"Gambia, The",7/1/2000,1297084,5600,128,1,606,0.004317,6.406880,4.852030,Africa
Cote d'Ivoire,7/1/2000,16581653,472952,148,0,628,0.028523,6.442540,4.997212,Africa
Cameroon,7/1/2000,15678269,103279,148,0,643,0.006587,6.466145,4.997212,Africa
Angola,7/1/2000,13926373,25806,200,0,656,0.001853,6.486161,5.298317,Africa
Djibouti,7/1/2000,731930,230,106,0,753,0.000314,6.624065,4.663439,Africa
"Congo, Rep.",7/1/2000,3135773,70000,104,0,1027,0.022323,6.934397,4.644391,Africa
Cape Verde,7/1/2000,437238,19729,46,2,1233,0.045122,7.117206,3.828641,Africa
Morocco,7/1/2000,28793236,2342000,55,1,1272,0.081339,7.148346,4.007333,Africa
"Egypt, Arab Rep.",7/1/2000,67648419,1359900,47,1,1476,0.020102,7.297091,3.850148,Africa
Swaziland,7/1/2000,1010787,33000,114,1,1508,0.032648,7.318540,4.736198,Africa
Algeria,7/1/2000,30533827,86000,49,0,1794,0.002817,7.492203,3.891820,Africa
Namibia,7/1/2000,1895839,82000,74,2,2062,0.043253,7.631432,4.304065,Africa
Tunisia,7/1/2000,9563500,119165,28,3,2245,0.012460,7.716461,3.332205,Africa
Equatorial Guinea,7/1/2000,520380,5000,152,0,2410,0.009608,7.787382,5.023881,Africa
South Africa,7/1/2000,44000000,8339000,78,5,3020,0.189523,8.013012,4.356709,Africa
Botswana,7/1/2000,1757925,222190,96,3,3204,0.126393,8.072155,4.564348,Africa
Mauritius,7/1/2000,1186873,180000,19,7,3861,0.151659,8.258681,2.944439,Africa
Gabon,7/1/2000,1235274,120000,88,1,4103,0.097144,8.319474,4.477337,Africa
Libya,7/1/2000,5231189,40000,27,0,6480,0.007646,8.776476,3.295837,Africa
Seychelles,7/1/2000,81131,25961,14,7,7579,0.319989,8.933137,2.639057,Africa
Singapore,7/1/2000,4027900,2747400,4,35,23815,0.682092,10.078071,1.386294,Asia
Japan,7/1/2000,126870000,66784374,5,30,37292,0.526400,10.526534,1.609438,Asia
Tajikistan,7/1/2000,6172807,1160,93,0,139,0.000188,4.934474,4.532599,Asia
Nepal,7/1/2000,24400606,10226,84,0,225,0.000419,5.416100,4.430817,Asia
Kyrgyz Republic,7/1/2000,4898400,9000,52,1,280,0.001837,5.634790,3.951244,Asia
Cambodia,7/1/2000,12446949,130547,103,0,294,0.010488,5.683580,4.634729,Asia
Lao PDR,7/1/2000,5317060,12681,88,0,326,0.002385,5.786897,4.477337,Asia
Bangladesh,7/1/2000,129592275,279000,86,0,364,0.002153,5.897154,4.454347,Asia
Vietnam,7/1/2000,77630900,788559,35,0,402,0.010158,5.996452,3.555348,Asia
India,7/1/2000,1053898107,3577095,86,1,450,0.003394,6.109248,4.454347,Asia
Mongolia,7/1/2000,2411369,154600,61,1,471,0.064113,6.154858,4.110874,Asia
Uzbekistan,7/1/2000,24650400,53128,63,0,558,0.002155,6.324359,4.143135,Asia
Armenia,7/1/2000,3076098,17486,33,1,621,0.005684,6.431331,3.496508,Asia
Turkmenistan,7/1/2000,4501419,7500,74,0,645,0.001666,6.469250,4.304065,Asia
Azerbaijan,7/1/2000,8048600,420400,67,0,655,0.052233,6.484635,4.204693,Asia
Georgia,7/1/2000,4418300,194741,33,1,692,0.044076,6.539586,3.496508,Asia
Bhutan,7/1/2000,571262,0,89,0,749,0.0,6.618739,4.488636,Asia
Indonesia,7/1/2000,213395411,3669327,54,1,773,0.017195,6.650279,3.988984,Asia
Sri Lanka,7/1/2000,19102000,430202,23,1,855,0.022521,6.751101,3.135494,Asia
China,7/1/2000,1262645000,85260000,33,2,949,0.067525,6.855409,3.496508,Asia
Philippines,7/1/2000,77309965,6454359,40,2,1048,0.083487,6.954639,3.688879,Asia
Kazakhstan,7/1/2000,14883626,197300,44,1,1229,0.013256,7.113956,3.784190,Asia
Thailand,7/1/2000,63155029,3056000,18,4,1943,0.048389,7.571988,2.890372,Asia
Maldives,7/1/2000,273236,7638,47,2,2285,0.027954,7.734121,3.850148,Asia
Malaysia,7/1/2000,23414909,5121748,11,21,4006,0.218739,8.295549,2.397895,Asia
"Korea, Rep.",7/1/2000,47008000,26816398,6,44,11347,0.570465,9.336709,1.791759,Asia
Brunei Darussalam,7/1/2000,327036,95000,9,9,18350,0.290488,9.817385,2.197225,Asia
Belgium,7/1/2000,10251250,5629000,6,29,22697,0.549104,10.029988,1.791759,Europe
Germany,7/1/2000,82211508,48202000,5,30,22946,0.586317,10.040899,1.609438,Europe
Finland,7/1/2000,5176209,3728625,4,37,23530,0.720339,10.066031,1.386294,Europe
Austria,7/1/2000,8011566,6117000,6,34,23974,0.763521,10.084725,1.791759,Europe
Netherlands,7/1/2000,15925513,10755000,6,44,24180,0.675331,10.093281,1.791759,Europe
United Kingdom,7/1/2000,58892514,43452000,7,27,25083,0.737819,10.129946,1.945910,Europe
Ireland,7/1/2000,3805174,2461000,7,18,25629,0.646751,10.151480,1.945910,Europe
Sweden,7/1/2000,8872109,6372300,4,46,27869,0.718240,10.235270,1.386294,Europe
San Marino,7/1/2000,26967,14503,5,49,28698,0.537805,10.264583,1.609438,Europe
Denmark,7/1/2000,5339616,3363552,6,39,29980,0.629924,10.308286,1.791759,Europe
Iceland,7/1/2000,281205,214896,4,44,30929,0.764197,10.339450,1.386294,Europe
Switzerland,7/1/2000,7184250,4638519,6,47,34787,0.645651,10.456999,1.791759,Europe
Norway,7/1/2000,4490967,3224000,5,27,37473,0.717885,10.531376,1.609438,Europe
Luxembourg,7/1/2000,436300,303274,5,23,46458,0.695104,10.746304,1.609438,Europe
Liechtenstein,7/1/2000,32853,10000,6,37,75606,0.304386,11.233291,1.791759,Europe
Moldova,7/1/2000,3639588,139000,26,1,354,0.038191,5.869297,3.258097,Europe
Ukraine,7/1/2000,49175848,818524,18,1,636,0.016645,6.455199,2.890372,Europe
Albania,7/1/2000,3071856,29791,29,0,1200,0.009698,7.090077,3.367296,Europe
Belarus,7/1/2000,10005000,49353,14,2,1273,0.004933,7.149132,2.639057,Europe
Bosnia and Herzegovina,7/1/2000,3693698,93386,10,1,1491,0.025283,7.307202,2.302585,Europe
Bulgaria,7/1/2000,8170172,738000,21,5,1579,0.090329,7.364547,3.044522,Europe
Romania,7/1/2000,22442971,2499000,27,4,1651,0.111349,7.409136,3.295837,Europe
Russian Federation,7/1/2000,146303000,3263200,23,2,1775,0.022304,7.481556,3.135494,Europe
"Macedonia, FYR",7/1/2000,2009091,115748,16,2,1785,0.057612,7.487174,2.772589,Europe
Lithuania,7/1/2000,3499536,524000,12,6,3267,0.149734,8.091627,2.484907,Europe
Latvia,7/1/2000,2372985,401272,17,6,3301,0.169100,8.101981,2.833213,Europe
Estonia,7/1/2000,1369515,557000,13,29,4144,0.406713,8.329417,2.564949,Europe
Turkey,7/1/2000,63627862,16133405,43,4,4189,0.253559,8.340217,3.761200,Europe
Poland,7/1/2000,38453757,6747000,10,7,4454,0.175457,8.401558,2.302585,Europe
Hungary,7/1/2000,10210971,3076279,11,7,4543,0.301272,8.421343,2.397895,Europe
Croatia,7/1/2000,4426000,1033000,8,7,4862,0.233394,8.489205,2.079442,Europe
Slovak Republic,7/1/2000,5388720,1243736,12,9,5330,0.230804,8.581107,2.484907,Europe
Czech Republic,7/1/2000,10272322,4346009,7,10,5725,0.423080,8.652598,1.945910,Europe
Slovenia,7/1/2000,1988925,1215601,5,15,10045,0.611185,9.214830,1.609438,Europe
Malta,7/1/2000,381363,114444,8,14,10377,0.300092,9.247347,2.079442,Europe
Greece,7/1/2000,10917482,5932403,8,9,11396,0.543386,9.341018,2.079442,Europe
Portugal,7/1/2000,10225836,6664951,7,17,11471,0.651776,9.347577,1.945910,Europe
Cyprus,7/1/2000,943294,218324,7,15,13422,0.231449,9.504650,1.945910,Europe
Spain,7/1/2000,40263216,24265059,7,14,14414,0.602661,9.575955,1.945910,Europe
Andorra,7/1/2000,64634,23543,5,11,17539,0.364251,9.772182,1.609438,Europe
Italy,7/1/2000,56942108,42246000,6,23,19388,0.741911,9.872410,1.791759,Europe
France,7/1/2000,60910922,29052360,5,14,21775,0.476965,9.988518,1.609438,Europe
Qatar,7/1/2000,590957,120856,13,5,30053,0.204509,10.310718,2.564949,Middle East
United Arab Emirates,7/1/2000,3033491,1428115,12,24,34395,0.470783,10.445666,2.484907,Middle East
"Yemen, Rep.",7/1/2000,17723186,32042,100,0,544,0.001808,6.298949,4.605170,Middle East
Syrian Arab Republic,7/1/2000,15988534,30000,23,0,1209,0.001876,7.097549,3.135494,Middle East
"Iran, Islamic Rep.",7/1/2000,65342319,962595,44,1,1550,0.014732,7.346010,3.784190,Middle East
Jordan,7/1/2000,4797500,388949,29,3,1764,0.081073,7.475339,3.367296,Middle East
Lebanon,7/1/2000,3742329,743000,29,8,4612,0.198539,8.436417,3.367296,Middle East
Oman,7/1/2000,2264163,162000,22,4,8775,0.071550,9.079662,3.091042,Middle East
Saudi Arabia,7/1/2000,20045276,1375881,26,2,9401,0.068639,9.148571,3.258097,Middle East
Bahrain,7/1/2000,638193,205727,12,6,12489,0.322359,9.432604,2.484907,Middle East
Kuwait,7/1/2000,1940786,476000,13,7,19434,0.245261,9.874779,2.564949,Middle East
Israel,7/1/2000,6289000,4400000,7,20,19859,0.699634,9.896413,1.945910,Middle East
Papua New Guinea,7/1/2000,5378824,8560,74,1,655,0.001591,6.484635,4.304065,Oceania
Kiribati,7/1/2000,84010,300,65,2,812,0.003571,6.699500,4.174387,Oceania
Solomon Islands,7/1/2000,408732,1151,35,0,1065,0.002816,6.970730,3.555348,Oceania
Samoa,7/1/2000,176549,2500,23,1,1391,0.014160,7.237778,3.135494,Oceania
Vanuatu,7/1/2000,185074,365,23,2,1470,0.001972,7.293018,3.135494,Oceania
Tonga,7/1/2000,97935,180,20,2,1926,0.001838,7.563201,2.995732,Oceania
Fiji,7/1/2000,811718,55057,23,1,2075,0.067828,7.637716,3.135494,Oceania
Marshall Islands,7/1/2000,52145,447,37,2,2127,0.008572,7.662468,3.610918,Oceania
"Micronesia, Fed. Sts.",7/1/2000,107103,0,49,4,2181,0.0,7.687539,3.891820,Oceania
New Zealand,7/1/2000,3857800,1542000,7,47,13375,0.399710,9.501143,1.945910,Oceania
Australia,7/1/2000,19153000,8562000,6,47,21766,0.447032,9.988104,1.791759,Oceania
Canada,7/1/2000,30769700,8727000,6,51,23560,0.283623,10.067306,1.791759,The Americas
United States,7/1/2000,282162411,109478031,9,43,35082,0.387997,10.465443,2.197225,The Americas
Haiti,7/1/2000,8645371,55000,109,0,424,0.006362,6.049733,4.691348,The Americas
Nicaragua,7/1/2000,5073704,90294,43,1,776,0.017796,6.654153,3.761200,The Americas
Guyana,7/1/2000,733101,39830,47,7,972,0.054331,6.879356,3.850148,The Americas
Bolivia,7/1/2000,8307248,582620,82,1,1011,0.070134,6.918695,4.406719,The Americas
Honduras,7/1/2000,6218151,155271,37,1,1143,0.024971,7.041412,3.610918,The Americas
Ecuador,7/1/2000,12345023,482213,33,1,1291,0.039061,7.163172,3.496508,The Americas
Paraguay,7/1/2000,5343539,820810,35,1,1323,0.153608,7.187657,3.555348,The Americas
Guatemala,7/1/2000,11237101,856831,49,1,1717,0.076250,7.448334,3.891820,The Americas
Suriname,7/1/2000,466846,41048,40,3,1911,0.087926,7.555382,3.688879,The Americas
Peru,7/1/2000,25861887,1273857,41,3,2061,0.049256,7.630947,3.713572,The Americas
El Salvador,7/1/2000,5940305,743628,34,1,2211,0.125183,7.701200,3.526361,The Americas
Colombia,7/1/2000,39764166,2256801,27,2,2524,0.056755,7.833600,3.295837,The Americas
Cuba,7/1/2000,11104313,6536,9,1,2753,0.000589,7.920447,2.197225,The Americas
Dominican Republic,7/1/2000,8591967,705431,41,4,2793,0.082104,7.934872,3.713572,The Americas
Belize,7/1/2000,249800,16812,27,6,3331,0.067302,8.111028,3.295837,The Americas
Jamaica,7/1/2000,2589389,366952,30,3,3479,0.141714,8.154500,3.401197,The Americas
St. Vincent and the Grenadines,7/1/2000,107891,2361,22,3,3684,0.021883,8.211754,3.091042,The Americas
Brazil,7/1/2000,174425387,23188171,36,3,3696,0.132940,8.215006,3.583519,The Americas
Panama,7/1/2000,2956126,410401,26,7,3931,0.138831,8.276649,3.258097,The Americas
Costa Rica,7/1/2000,3919180,211614,13,6,4069,0.053994,8.311153,2.564949,The Americas
St. Lucia,7/1/2000,155996,2500,18,5,4622,0.016026,8.438583,2.890372,The Americas
Dominica,7/1/2000,69672,1200,15,9,4718,0.017224,8.459140,2.708050,The Americas
"Venezuela, RB",7/1/2000,24311000,5447172,25,3,4819,0.224062,8.480322,3.218876,The Americas
Chile,7/1/2000,15419820,3401525,11,17,4878,0.220594,8.492491,2.397895,The Americas
Grenada,7/1/2000,101522,4300,15,4,5120,0.042355,8.540910,2.708050,The Americas
Mexico,7/1/2000,99959594,14077880,29,5,5817,0.140836,8.668540,3.367296,The Americas
Trinidad and Tobago,7/1/2000,1292058,161860,32,8,6311,0.125273,8.750049,3.465736,The Americas
Uruguay,7/1/2000,3300847,410787,17,11,6914,0.124449,8.841304,2.833213,The Americas
Argentina,7/1/2000,36930709,6487950,20,7,7696,0.175679,8.948456,2.995732,The Americas
St. Kitts and Nevis,7/1/2000,44286,1200,16,6,8599,0.027097,9.059401,2.772589,The Americas
Barbados,7/1/2000,267511,28467,17,4,9565,0.106414,9.165866,2.833213,The Americas
Antigua and Barbuda,7/1/2000,77656,22000,15,6,10334,0.283301,9.243195,2.708050,The Americas
"Bahamas, The",7/1/2000,297651,31524,17,8,21258,0.105909,9.964489,2.833213,The Americas
"Congo, Dem. Rep.",7/1/2010,65965795,11820348,170,1,199,0.179189,5.293305,5.135798,Africa
Burundi,7/1/2010,8382849,1150500,142,2,242,0.137245,5.488938,4.955827,Africa
Liberia,7/1/2010,3994122,1571308,103,7,247,0.393405,5.509388,4.634729,Africa
Malawi,7/1/2010,14900841,3037469,92,2,339,0.203845,5.826000,4.521789,Africa
Niger,7/1/2010,15511953,3805592,143,1,349,0.245333,5.855072,4.962845,Africa
Ethiopia,7/1/2010,82949541,6854000,106,1,358,0.082629,5.880533,4.663439,Africa
Mozambique,7/1/2010,23390765,7224176,135,4,394,0.308847,5.976351,4.905275,Africa
Eritrea,7/1/2010,5253676,185275,61,5,403,0.035266,5.998937,4.110874,Africa
Madagascar,7/1/2010,20713819,7711721,62,2,421,0.372298,6.042633,4.127134,Africa
Central African Republic,7/1/2010,4401051,979232,159,2,451,0.222500,6.111467,5.068904,Africa
Guinea,7/1/2010,9981590,4000000,130,1,474,0.400738,6.161207,4.867534,Africa
Uganda,7/1/2010,33424683,12828264,99,13,515,0.383796,6.244167,4.595120,Africa
Tanzania,7/1/2010,44841226,20983853,92,11,527,0.467959,6.267201,4.521789,Africa
Togo,7/1/2010,6027798,2452433,103,5,527,0.406854,6.267201,4.634729,Africa
Rwanda,7/1/2010,10624005,3548761,91,13,529,0.334032,6.270988,4.510860,Africa
Burkina Faso,7/1/2010,16468714,5707850,176,1,536,0.346587,6.284134,5.170484,Africa
Guinea-Bissau,7/1/2010,1515224,594100,150,2,551,0.392087,6.311735,5.010635,Africa
Zimbabwe,7/1/2010,12571454,7700000,80,12,595,0.612499,6.388561,4.382027,Africa
"Gambia, The",7/1/2010,1728394,1478347,98,9,608,0.855330,6.410175,4.584967,Africa
Mali,7/1/2010,15369809,7440383,178,3,613,0.484091,6.418365,5.181784,Africa
Comoros,7/1/2010,734750,165278,86,5,736,0.224945,6.601230,4.454347,Africa
Benin,7/1/2010,8849892,7074914,115,3,741,0.799435,6.608001,4.744932,Africa
Chad,7/1/2010,11227208,2675330,173,2,761,0.238290,6.634633,5.153292,Africa
Kenya,7/1/2010,40512682,24968891,85,26,795,0.616323,6.678342,4.442651,Africa
Lesotho,7/1/2010,2171318,987448,85,4,1004,0.454769,6.911747,4.442651,Africa
Senegal,7/1/2010,12433728,8343717,75,16,1034,0.671055,6.941190,4.317488,Africa
Mauritania,7/1/2010,3459773,2744978,111,3,1045,0.793398,6.951772,4.709530,Africa
Cameroon,7/1/2010,19598889,8636652,136,4,1147,0.440670,7.044905,4.912655,Africa
Cote d'Ivoire,7/1/2010,19737800,15026810,123,3,1161,0.761321,7.057037,4.812184,Africa
Sao Tome and Principe,7/1/2010,165397,102497,80,19,1215,0.619703,7.102499,4.382027,Africa
Nigeria,7/1/2010,158423182,87297789,143,28,1242,0.551042,7.124478,4.962845,Africa
Zambia,7/1/2010,12926409,5446991,111,10,1253,0.421385,7.133296,4.709530,Africa
Ghana,7/1/2010,24391823,17436949,74,10,1319,0.714869,7.184629,4.304065,Africa
"Egypt, Arab Rep.",7/1/2010,81121077,70661005,22,27,2698,0.871056,7.900266,3.091042,Africa
Morocco,7/1/2010,31951412,31982279,36,49,2795,1.000966,7.935587,3.583519,Africa
"Congo, Rep.",7/1/2010,4042899,3798619,93,5,2970,0.939578,7.996317,4.532599,Africa
Cape Verde,7/1/2010,495999,371871,36,30,3345,0.749741,8.115222,3.583519,Africa
Swaziland,7/1/2010,1055506,732700,78,9,3503,0.694169,8.161375,4.356709,Africa
Tunisia,7/1/2010,10549100,11114206,16,37,4194,1.053569,8.341410,2.772589,Africa
Angola,7/1/2010,19081912,8909200,161,10,4322,0.466892,8.371474,5.081404,Africa
Algeria,7/1/2010,35468208,32780165,36,13,4567,0.924213,8.426612,3.583519,Africa
Namibia,7/1/2010,2283289,1534528,40,7,4876,0.672069,8.492080,3.688879,Africa
South Africa,7/1/2010,49991300,50372000,57,12,7272,1.007615,8.891787,4.043051,Africa
Botswana,7/1/2010,2006945,2363411,48,6,7427,1.177616,8.912877,3.871201,Africa
Mauritius,7/1/2010,1280924,1190900,15,29,7584,0.929719,8.933796,2.708050,Africa
Gabon,7/1/2010,1505463,1610000,74,7,8768,1.069438,9.078864,4.304065,Africa
Seychelles,7/1/2010,86525,117587,14,41,11130,1.358995,9.317399,2.639057,Africa
Equatorial Guinea,7/1/2010,700401,399290,121,6,20703,0.570088,9.938034,4.795791,Africa
Brunei Darussalam,7/1/2010,398920,435104,7,50,31008,1.090705,10.342001,1.945910,Asia
Singapore,7/1/2010,5076700,7384600,3,71,41987,1.454606,10.645115,1.098612,Asia
Japan,7/1/2010,127450459,120708670,3,78,43063,0.947103,10.670419,1.098612,Asia
Afghanistan,7/1/2010,34385068,13000000,149,4,501,0.378071,6.216606,5.003946,Asia
Nepal,7/1/2010,29959364,9195562,50,8,535,0.306934,6.282267,3.912023,Asia
Bangladesh,7/1/2010,148692131,68650000,48,4,675,0.461692,6.514713,3.871201,Asia
Timor-Leste,7/1/2010,1142502,600600,81,0,766,0.525688,6.641182,4.394449,Asia
Cambodia,7/1/2010,14138255,8150764,51,1,795,0.576504,6.678342,3.931826,Asia
Tajikistan,7/1/2010,6878637,5940842,63,12,820,0.863666,6.709304,4.143135,Asia
Kyrgyz Republic,7/1/2010,5447900,5275477,38,20,880,0.968351,6.779922,3.637586,Asia
Pakistan,7/1/2010,173593383,99185844,87,17,1019,0.571369,6.926577,4.465908,Asia
Lao PDR,7/1/2010,6200894,4003395,54,7,1158,0.645616,7.054450,3.988984,Asia
Vietnam,7/1/2010,86927700,154000000,23,28,1224,1.771587,7.109879,3.135494,Asia
India,7/1/2010,1224614327,752190000,63,8,1375,0.614226,7.226209,4.143135,Asia
Uzbekistan,7/1/2010,28562400,20952000,52,19,1377,0.733552,7.227662,3.951244,Asia
Bhutan,7/1/2010,725940,394316,56,14,2088,0.543180,7.643962,4.025352,Asia
Philippines,7/1/2010,93260798,79895646,29,25,2140,0.856691,7.668561,3.367296,Asia
Mongolia,7/1/2010,2756001,2510470,32,13,2250,0.910910,7.718685,3.465736,Asia
Sri Lanka,7/1/2010,20653000,17359312,17,12,2400,0.840523,7.783224,2.833213,Asia
Georgia,7/1/2010,4452800,3980000,22,26,2614,0.893820,7.868637,3.091042,Asia
Indonesia,7/1/2010,239870937,220000000,35,10,2952,0.917160,7.990238,3.555348,Asia
Armenia,7/1/2010,3092072,3865354,20,44,3031,1.250085,8.016648,2.995732,Asia
Turkmenistan,7/1/2010,5041995,3197624,56,2,3967,0.634198,8.285765,4.025352,Asia
China,7/1/2010,1337825000,859003000,18,34,4433,0.642089,8.396832,2.890372,Asia
Thailand,7/1/2010,69122234,71624172,13,21,4614,1.036196,8.436850,2.564949,Asia
Azerbaijan,7/1/2010,9054332,9100113,46,47,5843,1.005056,8.673000,3.828641,Asia
Maldives,7/1/2010,315885,494351,15,28,6570,1.564971,8.790269,2.708050,Asia
Malaysia,7/1/2010,28401017,33859000,6,56,8373,1.192176,9.032768,1.791759,Asia
Kazakhstan,7/1/2010,16323287,19402600,33,33,9070,1.188645,9.112728,3.496508,Asia
"Korea, Rep.",7/1/2010,49410000,50767241,5,82,20540,1.027469,9.930129,1.609438,Asia
Slovenia,7/1/2010,2048583,2121950,3,69,22898,1.035814,10.038805,1.098612,Europe
Greece,7/1/2010,11315508,12292716,4,45,26433,1.086360,10.182369,1.386294,Europe
Cyprus,7/1/2010,1103647,1034071,4,53,28779,0.936958,10.267401,1.386294,Europe
Spain,7/1/2010,46070971,51601028,5,66,30026,1.120033,10.309819,1.609438,Europe
Italy,7/1/2010,60483385,90605000,4,54,33788,1.498015,10.427861,1.386294,Europe
United Kingdom,7/1/2010,62231336,81115492,5,85,36186,1.303451,10.496428,1.609438,Europe
France,7/1/2010,65075569,63200000,4,77,39170,0.971179,10.575666,1.386294,Europe
Iceland,7/1/2010,318041,341077,2,96,39463,1.072431,10.583119,0.693147,Europe
Germany,7/1/2010,81776930,104560000,4,83,39852,1.278600,10.592928,1.386294,Europe
Belgium,7/1/2010,10895785,12154041,4,74,42833,1.115481,10.665064,1.386294,Europe
Finland,7/1/2010,5363352,8390000,3,87,44091,1.564320,10.694011,1.098612,Europe
Austria,7/1/2010,8389771,12241000,4,73,44885,1.459039,10.711859,1.386294,Europe
Ireland,7/1/2010,4474356,4701474,4,70,45873,1.050760,10.733632,1.386294,Europe
Netherlands,7/1/2010,16615394,19179000,4,91,46597,1.154291,10.749291,1.386294,Europe
Sweden,7/1/2010,9378126,10885406,3,90,49257,1.160723,10.804807,1.098612,Europe
Denmark,7/1/2010,5547683,6922468,4,89,56278,1.247812,10.938059,1.386294,Europe
Switzerland,7/1/2010,7826153,9527000,5,82,67644,1.217329,11.122014,1.609438,Europe
Norway,7/1/2010,4889252,5648673,3,93,85443,1.155325,11.355605,1.098612,Europe
Luxembourg,7/1/2010,506953,727000,3,90,104512,1.434058,11.557057,1.098612,Europe
Moldova,7/1/2010,3562062,3165052,19,40,1632,0.888545,7.397562,2.944439,Europe
Ukraine,7/1/2010,45870700,53919545,13,45,2974,1.175468,7.997663,2.564949,Europe
Albania,7/1/2010,3204284,4547807,18,45,3701,1.419290,8.216358,2.890372,Europe
Bosnia and Herzegovina,7/1/2010,3760149,3110233,8,52,4427,0.827157,8.395477,2.079442,Europe
"Macedonia, FYR",7/1/2010,2060563,2153425,12,52,4434,1.045066,8.397057,2.484907,Europe
Serbia,7/1/2010,7291436,9915348,7,43,5273,1.359862,8.570355,1.945910,Europe
Belarus,7/1/2010,9490000,10332900,6,32,5819,1.088820,8.668884,1.791759,Europe
Bulgaria,7/1/2010,7534289,10199942,13,46,6335,1.353803,8.753845,2.564949,Europe
Montenegro,7/1/2010,631490,1170000,8,52,6510,1.852761,8.781095,2.079442,Europe
Romania,7/1/2010,21438001,24640000,14,40,7539,1.149361,8.927845,2.639057,Europe
Turkey,7/1/2010,72752325,61769635,18,40,10050,0.849040,9.215328,2.890372,Europe
Russian Federation,7/1/2010,141920000,237689224,12,43,10481,1.674811,9.257319,2.484907,Europe
Latvia,7/1/2010,2239008,2306100,10,72,10723,1.029965,9.280146,2.302585,Europe
Lithuania,7/1/2010,3286820,4890979,7,63,11046,1.488058,9.309824,1.945910,Europe
Poland,7/1/2010,38183683,46952111,6,62,12303,1.229638,9.417598,1.791759,Europe
Hungary,7/1/2010,10000023,12011823,6,65,12863,1.201180,9.462110,1.791759,Europe
Croatia,7/1/2010,4418000,6362106,6,60,13774,1.440042,9.530538,1.791759,Europe
Estonia,7/1/2010,1340161,1652809,5,74,14045,1.233291,9.550022,1.609438,Europe
Slovak Republic,7/1/2010,5430099,5925012,8,80,16036,1.091143,9.682591,2.079442,Europe
Czech Republic,7/1/2010,10519792,14392964,4,69,18789,1.368180,9.841027,1.386294,Europe
Malta,7/1/2010,415995,455414,6,63,19625,1.094758,9.884560,1.791759,Europe
Portugal,7/1/2010,10637346,15194897,4,51,21358,1.428448,9.969182,1.386294,Europe
Israel,7/1/2010,7623600,9875000,5,65,28522,1.295320,10.258431,1.609438,Middle East
United Arab Emirates,7/1/2010,7511690,10926019,7,78,39625,1.454535,10.587216,1.945910,Middle East
Kuwait,7/1/2010,2736732,4400000,11,38,45437,1.607757,10.724082,2.397895,Middle East
Qatar,7/1/2010,1758793,2329255,8,82,72398,1.324349,11.189934,2.079442,Middle East
"Yemen, Rep.",7/1/2010,24052514,11085000,77,12,1291,0.460867,7.163172,4.343805,Middle East
Iraq,7/1/2010,32030823,24000000,39,2,2532,0.749278,7.836765,3.663562,Middle East
Syrian Arab Republic,7/1/2010,20446609,11799212,16,21,2893,0.577074,7.970049,2.772589,Middle East
Jordan,7/1/2010,6047000,6620000,22,39,4370,1.094758,8.382518,3.091042,Middle East
Lebanon,7/1/2010,4227597,2874766,22,31,9227,0.680000,9.129889,3.091042,Middle East
Saudi Arabia,7/1/2010,27448086,51564375,18,41,16423,1.878615,9.706438,2.890372,Middle East
Bahrain,7/1/2010,1261835,1567000,10,55,18184,1.241842,9.808297,2.302585,Middle East
Oman,7/1/2010,2782435,4606133,9,62,20791,1.655432,9.942275,2.197225,Middle East
New Zealand,7/1/2010,4367800,5020000,6,83,32620,1.149320,10.392681,1.791759,Oceania
Australia,7/1/2010,22299800,22500000,5,76,50746,1.008978,10.834588,1.609438,Oceania
Solomon Islands,7/1/2010,538148,30000,27,5,1261,0.055747,7.139660,3.295837,Oceania
Papua New Guinea,7/1/2010,6858266,1909078,61,1,1382,0.278362,7.231287,4.110874,Oceania
Kiribati,7/1/2010,99546,10000,49,9,1519,0.100456,7.325808,3.891820,Oceania
"Micronesia, Fed. Sts.",7/1/2010,111064,27518,42,20,2678,0.247767,7.892826,3.737670,Oceania
Vanuatu,7/1/2010,239651,285300,14,8,2875,1.190481,7.963808,2.639057,Oceania
Samoa,7/1/2010,183081,167400,20,7,3249,0.914349,8.086103,2.995732,Oceania
Tonga,7/1/2010,104058,54300,16,12,3435,0.521824,8.141772,2.772589,Oceania
Fiji,7/1/2010,860623,697920,17,15,3687,0.810947,8.212568,2.833213,Oceania
"Bahamas, The",7/1/2010,342877,428377,16,43,22665,1.249361,10.028577,2.772589,The Americas
Canada,7/1/2010,34126181,24037372,6,81,46212,0.704367,10.740995,1.791759,The Americas
United States,7/1/2010,309349689,278900000,8,74,46702,0.901569,10.751542,2.079442,The Americas
Haiti,7/1/2010,9993247,4000000,165,8,664,0.400270,6.498282,5.105945,The Americas
Nicaragua,7/1/2010,5788163,3770510,27,10,1139,0.651417,7.037906,3.295837,The Americas
Bolivia,7/1/2010,9929849,7179293,54,20,1979,0.723001,7.590347,3.988984,The Americas
Honduras,7/1/2010,7600524,9505071,24,11,2019,1.250581,7.610358,3.178054,The Americas
Paraguay,7/1/2010,6454548,5920858,25,20,2840,0.917316,7.951559,3.218876,The Americas
Guatemala,7/1/2010,14388929,18067970,32,11,2873,1.255686,7.963112,3.465736,The Americas
Guyana,7/1/2010,754493,555397,30,30,2994,0.736119,8.004366,3.401197,The Americas
El Salvador,7/1/2010,6192993,7700336,16,16,3460,1.243395,8.149024,2.772589,The Americas
Ecuador,7/1/2010,14464739,14780730,20,29,4008,1.021846,8.296048,2.995732,The Americas
Belize,7/1/2010,344700,194201,17,13,4064,0.563391,8.309923,2.833213,The Americas
Jamaica,7/1/2010,2702300,3181995,24,26,5133,1.177514,8.543446,3.178054,The Americas
Dominican Republic,7/1/2010,9927320,8892783,27,40,5195,0.895789,8.555452,3.295837,The Americas
Peru,7/1/2010,29076512,29115149,19,34,5292,1.001329,8.573952,2.944439,The Americas
Colombia,7/1/2010,46294841,44477653,22,37,6238,0.960748,8.738415,3.091042,The Americas
St. Lucia,7/1/2010,174000,199000,16,40,6890,1.143678,8.837826,2.772589,The Americas
Dominica,7/1/2010,67757,105567,12,47,6964,1.558024,8.848509,2.484907,The Americas
Grenada,7/1/2010,104487,121946,11,33,7500,1.167093,8.922658,2.397895,The Americas
Panama,7/1/2010,3516820,6496155,20,43,7614,1.847167,8.937744,2.995732,The Americas
Costa Rica,7/1/2010,4658887,3035007,10,37,7774,0.651445,8.958540,2.302585,The Americas
Suriname,7/1/2010,524636,890000,31,32,8292,1.696414,9.023046,3.433987,The Americas
Argentina,7/1/2010,40412376,57300000,14,36,9124,1.417882,9.118664,2.639057,The Americas
Mexico,7/1/2010,113423047,91362753,17,31,9133,0.805504,9.119650,2.833213,The Americas
Brazil,7/1/2010,194946470,202944033,19,41,10993,1.041024,9.305014,2.944439,The Americas
Uruguay,7/1/2010,3356584,4437158,11,48,11742,1.321927,9.370927,2.397895,The Americas
Chile,7/1/2010,17113688,19852242,9,45,12640,1.160021,9.444622,2.197225,The Americas
St. Kitts and Nevis,7/1/2010,52402,80000,8,76,12847,1.526659,9.460866,2.079442,The Americas
Antigua and Barbuda,7/1/2010,88710,167970,8,80,13006,1.893473,9.473166,2.079442,The Americas
"Venezuela, RB",7/1/2010,28834000,27879924,18,36,13658,0.966911,9.522081,2.890372,The Americas
Barbados,7/1/2010,273331,350061,20,70,15035,1.280722,9.618136,2.995732,The Americas
Trinidad and Tobago,7/1/2010,1341465,1894240,27,49,15614,1.412068,9.655923,3.295837,The Americas
